Name,Article count
Morten Tønnessen,22
Timo Maran,19
Kalevi Kull,18
Alexei A. Sharov,15
Marcello Barbieri,15
Almo Farina,14
Franco Giorgi,11
Karel Kleisner,11
Donald Favareau,10
Riin Magnus,10
Yogi Hale Hendlin,9
Anton Markoš,8
Louis J. Goldberg,8
Luis Emilio Bruni,8
Ľudmila Lacková,8
Claudio Julio Rodríguez Higuera,7
Gérard Battail,7
Koichiro Matsuno,7
Jana Švorcová,6
Sigmund Ongstad,6
Alin Olteanu,5
Amelia Lewis,5
Denis Noble,5
Filip Jaroš,5
Gerald Ostdiek,5
Guenther Witzany,5
Jaime F. Cárdenas-García,5
Jesper Hoffmeyer,5
Liz Stillwaggon Swan,5
Maria Isabel Aldinhas Ferreira,5
Paul Cobley,5
Arran Gare,4
Claus Emmeche,4
Dan Faltýnek,4
Eliseo Fernández,4
Frederik Stjernfelt,4
H. H. Pattee,4
Jonathan Beever,4
Jonathan Hope,4
Naoki Nomura,4
Nelly Mäekivi,4
Pauline Suzanne Delahaye,4
Prisca Augustyn,4
Ramsey Affifi,4
Stanley N. Salthe,4
Tim Ireland,4
Wendy Wheeler,4
Yagmur Denizhan,4
Ahti-Veikko Juhani Pietarinen,3
Andrew M. Winters,3
Anna Aragno,3
Carlo Brentari,3
Cliff Joslyn,3
Eva Jablonka,3
Gennaro Auletta,3
Guillermo Lorenzo,3
Joachim De Beule,3
Jun Tomita,3
Louise Westling,3
Mark Pharoah,3
Mark Reybrouck,3
Mehmet Ozansoy,3
Peter Harries-Jones,3
Prakash Mondal,3
Roberto Maggio,3
Seán Ó Nualláin,3
Terrence W. Deacon,3
Tomoaki Muranaka,3
V. N. Alexander,3
Vefa Karatay,3
Victoria N. Alexander,3
Andres Kurismaa,2
Annibale Fanali,2
Anton V. Sukhoverkhov,2
Augusto Ponzio,2
Bruce H. Weber,2
Cary Campbell,2
Charbel Niño El-Hani,2
Dario Martinelli,2
Dennis Görlich,2
Ekaterina Velmezova,2
Elis Aldana,2
Federico Vega,2
Fernando Otálora-Luna,2
Francesco Tramonti,2
Gabriel Francescoli,2
Han-liang Chang,2
Hongbing Yu,2
Ilya A. Surov,2
Ivan Fomin,2
J. H. van Hateren,2
Jindřich Brejcha,2
John Pickering,2
Jordan Zlatev,2
José Manuel Ureña Gómez-Moreno,2
João Queiroz,2
Kati Lindström,2
Leonard A. Rosenblum,2
Majid D. Beni,2
Majid Davoody Beni,2
Marcel Danesi,2
Matěj Pudil,2
Maurita Harney,2
Miguel Gama Caldas,2
Mirko Cerrone,2
Nadia Pieretti,2
Nicola Zengiaro,2
Petr Tureček,2
Philip James,2
Przemysław Żywiczyński,2
Robert Prinz,2
Roberta Raffaetà,2
Scott F. Gilbert,2
Sergio Rodríguez Gómez,2
Sergio Torres-Martínez,2
Siiri Tarrikas,2
Simona Ginsburg,2
Stephen J. Cowley,2
Stephen Philip Pain,2
Susan Petrilli,2
Søren Brier,2
Sławomir Wacewicz,2
Theresa S. S. Schilhab,2
Timothy Ireland,2
Tommi Vehkavaara,2
Valeria Burgio,2
Vinícius Romanini,2
Yoshimi Kawade,2
A. Farina,1
A. Lombardi,1
Abhinav Gautam,1
Adam Gutowski,1
Adam Kłóś,1
Agustín Fuentes,1
Agustín Mercado-Reyes,1
Aleksandra Čalić,1
Alexander Bolshoy,1
Alexander Kalinin,1
Alexandra Mouratidou,1
Alexei Oskolski,1
Alf Hornborg,1
Alfonso Arroyo-Santos,1
Alice Eldridge,1
Alice Koubová,1
Alina Malikova,1
Alvaro Moreno,1
Alyx Macfadyen,1
Amadeu Viana,1
Anand Venkatraman,1
Anand Viswanathan,1
Anastasia Kolmogorova,1
Andrea Landini,1
Andreas Weber,1
Andrej Spiridonov,1
Andrew Mark Creighton,1
Andrij Rovenchak,1
Ane Faugstad Aarø,1
Angelo Delliponti,1
Angelo N. M. Recchia-Luciani,1
Ann Marie Thornburg,1
Anne Sophie Meincke,1
Antoni Hernández-Fernández,1
Argyris Arnellos,1
Arno L. Goudsmit,1
Arthur Araujo,1
Arthur S. Reber,1
Ascensión Ariza-Mateos,1
Attila Grandpierre,1
Barend van Heusden PhD,1
Bashar Ibrahim,1
Bohang Chen,1
Brian Napoletano,1
Bruno Soria de Mesa,1
Carlos David Suárez Pascal,1
Carlos G. Musso,1
Carlos Vidales,1
Carol A. Fowler,1
Carolina Sánchez De Jaegher,1
Christine A. James,1
Christopher Ball,1
Christopher H. Lowrey,1
Clara Costa Oliveira,1
Constantijn-Alexander Kusters,1
D. Gallego,1
Daichi G. Suzuki,1
Daria Arkhipova,1
David Abram,1
David Carrera-Casado,1
David Chun Yin Li,1
David Haig,1
David Monacchi,1
David Rohr,1
David Rothenberg,1
Davide Secchi,1
Davide Weible,1
Dennis P. Waters,1
Devon Schiller,1
Diego Romero Castro,1
Dominique Lestel,1
E. Israel Chávez Barreto,1
E. Tognari,1
Eivind Hovig,1
Emilio Rubiera,1
Enrique Font,1
Eric Schaetzle,1
Eva Vrtačič,1
Eylül Tuğçe Alnıaçık Özyer,1
F. J. Sánchez-García,1
Farouk Y. Seif,1
Fatima Cvrčková,1
Federico Bellentani,1
Federico Comollo,1
Felipe A. Veloso,1
Fernando Castro-Chavez,1
Filip Grygar,1
Fiona O’Doherty,1
Francesco Pugliaro,1
František Baluška,1
Gabi Escuela,1
Gerd Gruenert,1
Germán Jiménez,1
Gertrudis Van de Vijver,1
Giulia Sanguedolce,1
Gláucia Silva,1
Gordon M. Burghardt,1
Gregory Katz,1
Guido M. Musso-Enz,1
Göran Sonesson,1
Heidi Campana Piva,1
Henk Jochemsen,1
Henry Staten,1
Ignasi Ribó,1
Ines Adornetti,1
Irene Machado,1
Isabel Cacho,1
J. A. Bacigalupi,1
J. Augustus Bacigalupi,1
J. Galián,1
J. Scott Turner,1
J. T. M. Miller,1
Jacob Smith,1
James A. Coffman,1
James A. Shapiro,1
James Carney,1
James Cole,1
James Goss,1
Jan Toman,1
Jan-Hendrik S. Hofmeyr,1
Jaroslav Flegr,1
Jason Mario Dydynski,1
Jeffrey Benjamin White,1
Jeffrey V. Peterson,1
Jeremy Sherman,1
Jessica Lombard,1
Jessica Riskin,1
Joachim Schult,1
Joanna Rączaszek-Leonardi,1
John Collier,1
John Deely,1
John E. Stewart,1
Jon Umerez,1
Jonathan Delafield-Butt,1
Jonna Bornemark,1
Jordi Gómez,1
Joris Van Poucke,1
Jory Brinkerhoff,1
Jos de Mul,1
Joseph J. Vitti,1
Juan Mendoza-Collazos,1
Julio Horta,1
Jérôme Sueur,1
Katarzyna Machtyl,1
Kathryn Staiano-Ross,1
Ke Tang,1
Koen B. Tanghe,1
Konstantin S. Mochalov,1
Kristian Bankov,1
Kristina Šekrst,1
Krystof Kasprzak,1
Krystyna Bielecka,1
Lalit Saraswat,1
Lenka Ovčáčková,1
Lesley Lancaster,1
Liqian Zhou,1
Lluc Torcal,1
Lorenzo Magnani,1
Louis N. Irwin,1
Lucie Čadková,1
Luis E. Bruni,1
Lynn Chiu,1
M. Polo Camacho,1
Manuel Heras-Escribano,1
Marc Kissel,1
Marcin Miłkowski,1
Marek Placiński,1
Mariana Vitti-Rodrigues,1
Mario Villalobos,1
Mark H. Bickhard,1
Markus Lindholm,1
Marta Sibierska,1
Martín Ávila,1
Massimo Leone,1
Matthew A Slayton,1
Matthew Chrulew,1
Mattia Berera,1
Mette Miriam Rakel Böll,1
Michael Benedikt,1
Michael Pleyer,1
Michael Trestman,1
Miguel García-Valdecasas,1
Mikael Benson,1
Mikkel Willum Johansen,1
Mira Marcinów,1
Mogens Kilstrup,1
Morris H. Baslow,1
Morten Misfeldt,1
Mykola Husev,1
Myrdene Anderson,1
N. Pieretti,1
Natalia A. Abieva,1
Nathalie Blanc,1
Nathalie Gontier,1
Olena Dobrovolska,1
Olivia Maria Capalbo,1
Ombre Tarragnat,1
Onno Preik,1
Ophir Nave,1
Oscar  S. Miyamoto Gómez,1
Oscar Páez-Rondón,1
Otávio Bueno,1
P. Salutari,1
Pascal Carlier,1
Patricia M. Crittenden,1
Patrik Lindenfors,1
Paulo de Jesus,1
Peng Li,1
Peter Dittrich,1
Peter M. Lang,1
Peter R. Wills,1
Phillip Pahin,1
Piera Filippi,1
Pierre-Louis Patoine,1
Piotr Walkowiak,1
Pranab Das,1
Predrag Slijepcevic,1
Priya Venkatesan,1
Przemysław Mieszko Płonka,1
R. I. Vane-Wright,1
Rachele Malavasi,1
Raimundas Vidunas,1
Rainer Feistel,1
Raivo Kalle,1
Ramon Ferrer-i-Cancho,1
Rania Magdi Fawzy,1
Rasmus Gahrn-Andersen,1
Renata Sõukand,1
Renato Raia,1
Richard L. Summers,1
Robert E. Innis,1
Robert Langs,1
Ron Bombardi,1
Rumeysa Çavuş Peksöz,1
Ruth Garrett Millikan,1
Ryad Benosman,1
S. Adil Saribay,1
S. N. Salthe,1
Sara Cannizzaro,1
Sebastian Feil,1
Sebastian Porrini,1
Shahinaz Hesham ElSamadoni,1
Shahram Rafieian,1
Shuo-yu Charlotte Wu,1
Shyam Sudarshan Rao,1
Silver Rattasepp,1
Simone Bernardi della Rosa,1
Sofia Belardinelli,1
Stefan Artmann,1
Stefan Kirschner,1
Stefan Kühn,1
Stephen Jarosek,1
Steven S. dC Rubin,1
Stuart H. Gage,1
Stuart Kauffman,1
Subhash Kak,1
Supriya Bajpai,1
Susanne Kass,1
Telmo Pievani,1
Thierry Bardini,1
Thomas E. Dickins,1
Thomas J. Hughes,1
Thomas Osborne,1
Thomas Riese,1
Tiago Rama,1
Tiara Fulmore,1
Timothy C. Mullet,1
Tom Doris,1
Tom Froese,1
Tyler James Bennett,1
Tyler Volk,1
V. Machado,1
Valentina Cuccio,1
Valerie Grimes,1
Valery Kirzhner,1
Vassiliki Betty Smocovitis,1
Vera Shumilina,1
Vernon Cisney,1
Victor P. Shcherbakov,1
Victoria P. Musso-Enz,1
Vladimír Matlach,1
W. John Coletta,1
Walter Riofrio,1
Will Newsome,1
William B. Miller,1
Wim Beekman,1
Yair Neuman,1
Zann Gill,1
Zeev Volkovich,1
Zixuan Liu,1